PDF;file;title;author1;pseudonyme1;pseudonyme2;date;GALLICA;DigitalSource-1;DigitalSource-2;GOOGLE/INTERNET ARCHIVE;DigitalSource-3;refsource;Wikipedia
1;FRA00101_Adam.xml;Mon Village;Juliette Adam;Juliette Lamber;;1860;https://gallica.bnf.fr/ark:/12148/bpt6k3045979q;https://gallica.bnf.fr/ark:/12148/bpt6k3045979q;;;;firstEdition;https://fr.wikipedia.org/wiki/Juliette_Adam
1;FRA00102_Adam.xml;Païenne;Juliette Adam;Juliette Lamber (Madame Adam);;1883;https://gallica.bnf.fr/ark:/12148/bpt6k4112668;https://gallica.bnf.fr/ark:/12148/bpt6k4112668;;;;firstEdition;https://fr.wikipedia.org/wiki/Juliette_Adam
1;FRA00201_Audoux.xml;Marie-Claire;Marguerite Audoux;Marguerite Audoux;;1925;https://gallica.bnf.fr/ark:/12148/bpt6k4226212k;https://gallica.bnf.fr/ark:/12148/bpt6k4226212k;;;;firstEdition;https://fr.wikipedia.org/wiki/Marguerite Audoux
1;FRA00301_Aimard.xml;Les Trappeurs de l'Arkansas;Gustave Aimard;Gustave Aimard;;1858;https://gallica.bnf.fr/ark:/12148/bpt6k6213686g;https://gallica.bnf.fr/ark:/12148/bpt6k6213686g;;;;firstEdition;https://fr.wikipedia.org/wiki/Gustave Aimard
1;FRA00302_Aimard.xml;Belle rivière;Gustave Aimard;Gustave Aimard;;1894;https://gallica.bnf.fr/ark:/12148/bpt6k57626038;https://gallica.bnf.fr/ark:/12148/bpt6k57626038;;;;firstEdition;https://fr.wikipedia.org/wiki/Gustave Aimard
1;FRA00401_Allais.xml;Le Captain Cap;Allais Alphone;Alphone Allais;;1902;https://gallica.bnf.fr/ark:/12148/bpt6k165801v;https://gallica.bnf.fr/ark:/12148/bpt6k165801v;;;;firstEdition;https://fr.wikipedia.org/wiki/Alphonse_Allais
1;FRA00501_Balzac.xml;Albert Savarus;Honoré de Balzac;Honoré de Balzac;;1853;https://gallica.bnf.fr/ark:/12148/bpt6k5834593c;https://gallica.bnf.fr/ark:/12148/bpt6k5834593c;;;;firstEdition;https://fr.wikipedia.org/wiki/Honoré de Balzac
1;FRA00502_Balzac.xml;Le cousin Pons;Honoré de Balzac;Honoré de Balzac;;1851-1853;https://gallica.bnf.fr/ark:/12148/bpt6k1169098;https://gallica.bnf.fr/ark:/12148/bpt6k1169098;;;;firstEdition;https://fr.wikipedia.org/wiki/Honoré de Balzac
1;FRA00503_Balzac.xml;Le curé de village;Honoré de Balzac;Honoré de Balzac;;1854;https://gallica.bnf.fr/ark:/12148/bpt6k5821334m;https://gallica.bnf.fr/ark:/12148/bpt6k5821334m;;;;firstEdition;https://fr.wikipedia.org/wiki/Honoré de Balzac
1;FRA00601_Boisgobey.xml;Le crime de l'omnibus;Fortuné du Boisgobey ;Du Boisgobey Fortuné;;1881;;https://www.ebooksgratuits.com/ebooks.php;https://www.ebooksgratuits.com/pdf/du_boisgobey_crime_omnibus.pdf;;https://books.googleusercontent.com/books/content?req=AKW5QafE5ny4Q7dXWPZxscVEc5kUuWIBgT4XfrUWMdRstv2rEtkXo8p1TNK8rDgqYObqRfEwxNPhDvS9GPFbyUwPq6exfituy1VYh0KJd1SIRY7QhMa_nWF9qOYXC8M0BBMw_CMm5fqurGmnR8eFlzJVj4G-B8_WvYt2poiQWsmnW6HfFyzktRzsFci1smkrcsYK2K7SneUxE70g3-6EKBwVVt59VJgAOh23ZdE2onmpJH0kureoJ_CsNmZdq92FdPobtOzOITnSVRhKYiIjM76gp5TGQrBIYA;manuel ;https://fr.wikipedia.org/wiki/Fortun%C3%A9_du_Boisgobey
1;FRA00602_Boisgobey.xml;Rubis sur l'ongle;Fortuné du Boisgobey ;Du Boisgobey Fortuné;;1886;;(unspecified);;https://www.google.fr/books/edition/Rubis_sur_l_ongle/S6XvK-lZqiQC?hl=fr&gbpv=0;https://books.googleusercontent.com/books/content?req=AKW5Qae10tDehlWbghtoJix8Rx2x6cBhqfVJiOZxqb2dNjf5Utk9pHhn4SH5Z0aHyX0KW_jObnJ-n4W0HlTTzBILHWsOcU9UY-cqxUEv9zoXUmjG6Z0LfaSziiCAJDXla7Z6dT55sDU0I48FK19e2Q3JoMkex8GecywuajYLOByYBvo9e_UKoxAt6ui4hqNhPbDMrloFBiT8DHKxk1O6_JRWCZVrVPMuSLqrsco-Kww5HdTBBQ-AU26BpcDm19VkqotZlyCe-UbA;manuel ;https://fr.wikipedia.org/wiki/Fortun%C3%A9_du_Boisgobey
1;FRA00701_Carraud.xml;La petite Jeanne ou Le devoir;Zulma Carraud;Zulma Carraud;;1852;https://gallica.bnf.fr/ark:/12148/bpt6k64363w;https://gallica.bnf.fr/ark:/12148/bpt6k64363w;;;;printSource;https://fr.wikipedia.org/wiki/Zulma Carraud
1;FRA00801_Dash.xml;Le château de Pinon I. VOL 1.;Comtesse Dash;Comtesse Dash;;1843;https://gallica.bnf.fr/ark:/12148/bpt6k54963878;https://gallica.bnf.fr/ark:/12148/bpt6k54963878;;;;firstEdition;https://fr.wikipedia.org/wiki/Comtesse Dash
1;FRA00901_Daudet.xml;Le petit chose;Alphonse Daudet;Alphonse Daudet;;1867;https://gallica.bnf.fr/ark:/12148/bpt6k3413532f;https://gallica.bnf.fr/ark:/12148/bpt6k3413532f;;;;printSource;https://fr.wikipedia.org/wiki/Alphonse Daudet
1;FRA01002_DelarueMardrus.xml;Toutoune et son amour;Lucie Delarue-Mardrus;Lucie Delarue-Mardrus;;1919;;https://fr.wikisource.org/wiki/Toutoune_et_son_amour;;https://upload.wikimedia.org/wikipedia/commons/f/f0/Delarue-Mardrus_-_Toutoune_et_son_amour.pdf;;digitalSource;https://fr.wikipedia.org/wiki/Lucie Delarue-Mardrus
0;FRA01101_Dombre.xml;Une pupille gênante;Dombre Roger;Dombre Roger;;1890;;http://beq.ebooksgratuits.com;http://beq.ebooksgratuits.com/vents-xpdf/Dombre-pupille.pdf;;;digitalSource;NONE
0;FRA01102_Dombre.xml;Folla;Dombre Roger;Dombre Roger;;1889;;http://beq.ebooksgratuits.com;http://beq.ebooksgratuits.com/vents-xpdf/Dombre-Folla.pdf;;;digitalSource;NONE
1;FRA01201_Feval.xml;Le Cavalier Fortune;Paul Féval;Paul Féval;;1868;;https://www.ebooksgratuits.com/ebooks.php;https://www.ebooksgratuits.com/pdf/feval_le_cavalier_fortune.pdf;https://www.google.fr/books/edition/Le_cavalier_Fortune/v4FVZlZtcsYC?hl=fr&gbpv=0;https://books.googleusercontent.com/books/content?req=AKW5Qaem2_ZPBNANYXlDsMjNn2KrGnlswuB04iHtj7-gUbqU0DFieMzLebKWDA0ILuH6IlFyhCplU6A26FYO99pxsqYnMj49aOHNTf73zrc6OxQi13UL4iXyV27b7cSD_cVMjfBbuh3oHCKJHdheaev7qLV8RUSSsuh5olySu3pewwFOngRweFkPM4bm0Dn1qM1ZNgSLaTEjNRwAsFMy-am-x0zah5vWBLTlzCCEfRDRG9Bh7zdUqiCW3oAAOcvzHCvRfpRkjx_n;manuel ;https://fr.wikipedia.org/wiki/Paul Féval
1;FRA01202_Feval.xml;Les errants de nuit;Paul Féval;Paul Féval;;1857;https://gallica.bnf.fr/ark:/12148/bpt6k6541902r;https://gallica.bnf.fr/ark:/12148/bpt6k6541902r;;;;printSource;https://fr.wikipedia.org/wiki/Paul Féval
1;FRA01203_Feval.xml;Le loup blanc;Paul Féval;Paul Féval;;1845;https://gallica.bnf.fr/ark:/12148/bpt6k80334r;https://gallica.bnf.fr/ark:/12148/bpt6k80334r;;;;printSource;https://fr.wikipedia.org/wiki/Paul Féval
1;FRA01301_Flaubert.xml;L'Éducation sentimentale histoire d'un jeune homme;Gustave Flaubert;Gustave Flaubert;;1869;https://gallica.bnf.fr/ark:/12148/bpt6k6576703v;https://gallica.bnf.fr/ark:/12148/bpt6k6576703v;;;;printSource;https://fr.wikipedia.org/wiki/Gustave Flaubert
1;FRA01302_Flaubert.xml;Madame Bovary;Gustave Flaubert;Gustave Flaubert;;1857;https://gallica.bnf.fr/ark:/12148/btv1b8619658w;https://gallica.bnf.fr/ark:/12148/btv1b8619658w;;;;firstEdition;https://fr.wikipedia.org/wiki/Gustave Flaubert
1;FRA01303_Flaubert.xml;Salammbô;Gustave Flaubert;Gustave Flaubert;;1862;https://gallica.bnf.fr/ark:/12148/btv1b8626108m;https://gallica.bnf.fr/ark:/12148/btv1b8626108m;;;;printSource;https://fr.wikipedia.org/wiki/Gustave Flaubert
1;FRA01401_Fleuriot.xml;Un enfant gâté;Zénaïde Fleuriot;Zénaïde Fleuriot;;1877;https://gallica.bnf.fr/ark:/12148/bpt6k6567040r;https://gallica.bnf.fr/ark:/12148/bpt6k6567040r;;;;printSource;https://fr.wikipedia.org/wiki/Zénaïde Fleuriot
1;FRA01402_Fleuriot.xml;En congé;Zénaïde Fleuriot;Zénaïde Fleuriot;;1874;https://gallica.bnf.fr/ark:/12148/bpt6k6512266r;https://gallica.bnf.fr/ark:/12148/bpt6k6512266r;;;;printSource;https://fr.wikipedia.org/wiki/Zénaïde Fleuriot
1;FRA01403_Fleuriot.xml;Alberte;Zénaïde Fleuriot;Zénaïde Fleuriot;;1881;https://gallica.bnf.fr/ark:/12148/bpt6k6567022t;https://gallica.bnf.fr/ark:/12148/bpt6k6567022t;;;;firstEdition;https://fr.wikipedia.org/wiki/Zénaïde Fleuriot
1;FRA01501_France.xml;Les dieux ont soif;Anatole France ;Anatole France ;;1912;https://gallica.bnf.fr/ark:/12148/btv1b8600277s;https://gallica.bnf.fr/ark:/12148/btv1b8600277s;;;;firstEdition;https://fr.wikipedia.org/wiki/Anatole France 
1;FRA01601_GautierJ.xml;La Sœur du Soleil (L'Usurpateur);Judith Gautier;Judith Gautier;;1887;https://gallica.bnf.fr/ark:/12148/bpt6k811244;https://gallica.bnf.fr/ark:/12148/bpt6k811244;;;;firstEdition;https://fr.wikipedia.org/wiki/Judith Gautier
1;FRA01602_GautierJ.xml;Fleurs d'Orient;Judith Gautier;Judith Gautier;;1893;https://gallica.bnf.fr/ark:/12148/bpt6k816177;https://gallica.bnf.fr/ark:/12148/bpt6k816177;;;;firstEdition;https://fr.wikipedia.org/wiki/Judith Gautier
1;FRA01603_GautierJ.xml;Les Princesses d'Amour (Courtisanes Japonaises);Judith Gautier;Judith Gautier;;1900;https://gallica.bnf.fr/ark:/12148/bpt6k831954;https://gallica.bnf.fr/ark:/12148/bpt6k831954;;;;firstEdition;https://fr.wikipedia.org/wiki/Judith Gautier
1;FRA01701_GautierT.xml;Militona;Théophile Gautier;Théophile Gautier;;1847;https://gallica.bnf.fr/ark:/12148/bpt6k8630650v;https://gallica.bnf.fr/ark:/12148/bpt6k8630650v;;;;firstEdition;https://fr.wikipedia.org/wiki/Théophile Gautier
1;FRA01801_Gay.xml;Ellenore. 1ère série;Marie Françoise Sophie Gay;Marie Françoise Sophie Gay;;1844;https://gallica.bnf.fr/ark:/12148/bpt6k62042m;https://gallica.bnf.fr/ark:/12148/bpt6k62042m;;;;printSource;https://fr.wikipedia.org/wiki/Delphine Gay de Girardin
1;FRA01902_Gaboriau.xml;Monsieur Lecoq. L'enquête;Émile Gaboriau;Émile Gaboriau;;1869;https://gallica.bnf.fr/ark:/12148/bpt6k82609v;https://gallica.bnf.fr/ark:/12148/bpt6k82609v;;;;firstEdition;https://fr.wikipedia.org/wiki/Émile Gaboriau
1;FRA02001_Gilbert.xml;Vers le pôle en aéroplane : roman d'aventures;Jehan Gilbert;Jehan Gilbert;;1912;https://gallica.bnf.fr/ark:/12148/bpt6k65899h;https://gallica.bnf.fr/ark:/12148/bpt6k65899h;;;;firstEdition;NONE
1;FRA02101_Girardin.xml;Marguerite ou deux amours;Gay de Girardin Delphine ;Delphine Gay de Girardin;;1854;https://gallica.bnf.fr/ark:/12148/bpt6k5835784d;https://gallica.bnf.fr/ark:/12148/bpt6k5835784d;;;;firstEdition;https://fr.wikipedia.org/wiki/Delphine_de_Girardin
1;FRA02201_Gouraud.xml;Quand je serai grande;d'Aulnay Louise ;Julie Gouraud [Louise d'Aulnay];;1888;https://gallica.bnf.fr/ark:/12148/bpt6k6512275q;https://gallica.bnf.fr/ark:/12148/bpt6k6512275q;;;;firstEdition;NONE
1;FRA02202_Gouraud.xml;Le petit colporteur;Gouraud Julie ;Julie Gouraud;;1867;https://gallica.bnf.fr/ark:/12148/bpt6k65157064;https://gallica.bnf.fr/ark:/12148/bpt6k65157064;;;;firstEdition;NONE
1;FRA02203_Gouraud.xml;Les Filles du professeur;Gouraud Julie ;Julie Gouraud;;1876;https://gallica.bnf.fr/ark:/12148/bpt6k6488535s;https://gallica.bnf.fr/ark:/12148/bpt6k6488535s;;;;firstEdition;NONE
1;FRA02301_Greville.xml;La seconde mère;Henry Gréville;Henry Gréville;;1888;https://gallica.bnf.fr/ark:/12148/bpt6k68964v;https://gallica.bnf.fr/ark:/12148/bpt6k68964v;;;;firstEdition;https://fr.wikipedia.org/wiki/Henry Gréville
1;FRA02302_Greville.xml;L'amie;Henry Gréville;Henry Gréville;;1878;https://gallica.bnf.fr/ark:/12148/bpt6k65192910;https://gallica.bnf.fr/ark:/12148/bpt6k65192910;;;;firstEdition;https://fr.wikipedia.org/wiki/Henry Gréville
1;FRA02303_Greville.xml;Aridane;Henry Gréville;Henry Gréville;;1878;https://gallica.bnf.fr/ark:/12148/bpt6k6545712p;https://gallica.bnf.fr/ark:/12148/bpt6k6545712p;;;;printSource;https://fr.wikipedia.org/wiki/Henry Gréville
0;FRA02401_LeRouge.xml;L'Esclave amoureuse;LeRouge Gustave;Le Rouge Gustave;;1904;;http://beq.ebooksgratuits.com;http://beq.ebooksgratuits.com/classiques-xpdf/Le_Rouge_Lesclave_amoureuse.pdf;;;digitalSource;https://fr.wikipedia.org/wiki/Gaston Leroux
1;FRA02501_Loti.xml;Mon frère Yves;Pierre Loti;Pierre Loti;;1883;https://gallica.bnf.fr/ark:/12148/bpt6k6101694w;https://gallica.bnf.fr/ark:/12148/bpt6k6101694w;;;;firstEdition;https://fr.wikipedia.org/wiki/Pierre Loti
1;FRA02601_Malot.xml;Romain Kalbris;Hector Malot;Hector Malot;;1869;https://gallica.bnf.fr/ark:/12148/bpt6k5807990m;https://gallica.bnf.fr/ark:/12148/bpt6k5807990m;;;;firstEdition;https://fr.wikipedia.org/wiki/Hector Malot
1;FRA02602_Malot.xml;Sans famille;Hector Malot;Hector Malot;;1878;https://gallica.bnf.fr/ark:/12148/bpt6k97632083;https://gallica.bnf.fr/ark:/12148/bpt6k97632083;;;;printSource;https://fr.wikipedia.org/wiki/Hector Malot
1;FRA02603_Malot.xml;Conscience;Hector Malot;Hector Malot;;1888;https://gallica.bnf.fr/ark:/12148/bpt6k912745;https://gallica.bnf.fr/ark:/12148/bpt6k912745;;;;firstEdition;https://fr.wikipedia.org/wiki/Hector Malot
1;FRA02701_Maupassant.xml;Bel-Ami;Guy de Maupassant;Guy de Maupassant;;1885;https://gallica.bnf.fr/ark:/12148/bpt6k6122274m/f10;https://www.ebooksgratuits.com/details.php?book=1289;https://www.ebooksgratuits.com/pdf/maupassant_bel_ami.pdf;;;digitalSource;https://fr.wikipedia.org/wiki/Guy de Maupassant
1;FRA02702_Maupassant.xml;Une vie;Guy de Maupassant;Guy de Maupassant;;1883;https://gallica.bnf.fr/ark:/12148/bpt6k113357j;https://gallica.bnf.fr/ark:/12148/bpt6k113357j;;;;firstEdition;https://fr.wikipedia.org/wiki/Guy de Maupassant
1;FRA02802_Mirbeau.xml;La Maréchale;Mirbeau Octave;Alain Bauquenne;André Bertera;1883;;http://beq.ebooksgratuits.com;http://beq.ebooksgratuits.com/vents-xpdf/Mirbeau-marechale.pdf;;;digitalSource;https://www.google.com/search?q=octave+mirbeau&ei=m7WHYp-EPcqoa7eMkNAF&gs_ssp=eJzj4tTP1TcwNDHOqDJg9OLLTy5JLEtVyM0sSkpNLAUAa-4ImQ&oq=octave+mirba&gs_lcp=Cgdnd3Mtd2l6EAEYADIECC4QCjIECC4QCjIECAAQCjIECC4QCjIECAAQCjIECAAQCjIECAAQCjIECAAQCjIECAAQCjIECC4QCjoLCAAQgAQQsQMQgwE6EQguEIAEELEDEIMBEMcBEKMCOgUILhCABDoRCC4QgAQQsQMQgwEQxwEQ0QM6CAgAEIAEELEDOgUIABCABDoLCC4QgAQQsQMQgwE6CAguELEDEIMBOgsILhCABBDHARCvAToNCC4QsQMQxwEQowIQQzoECAAQQzoOCC4QgAQQsQMQxwEQ0QM6BAguEEM6CAguEIAEELEDOgcILhDUAhBDOgoILhCxAxCDARBDOg4ILhCABBCxAxDHARCvAToLCC4QgAQQsQMQ1AI6CgguELEDENQCEEM6BwgAELEDEEM6FAguEIAEELEDEIMBEMcBEK8BENQCSgQIQRgASgQIRhgAUABYiChgmzVoAnAAeACAAVSIAeIHkgECMTSYAQCgAQHAAQE&sclient=gws-wiz
1;FRA02901_Noailles.xml;La nouvelle espérance;Anna de Noailles ;Mathieu de Noailles;;1903;https://gallica.bnf.fr/ark:/12148/bpt6k111801;https://gallica.bnf.fr/ark:/12148/bpt6k111801;;;;firstEdition;https://fr.wikipedia.org/wiki/Anna_de_Noailles
1;FRA03001_Ohnet.xml;La Grande Marnière;Georges Ohnet;Georges Ohnet;;1885;https://gallica.bnf.fr/ark:/12148/bpt6k663772;https://gallica.bnf.fr/ark:/12148/bpt6k663772;;;;firstEdition;https://fr.wikipedia.org/wiki/Georges Ohnet
1;FRA03002_Ohnet.xml;L'Âme de Pierre;Georges Ohnet;Georges Ohnet;;1890;https://gallica.bnf.fr/ark:/12148/bpt6k68750m;https://gallica.bnf.fr/ark:/12148/bpt6k68750m;;;;firstEdition;https://fr.wikipedia.org/wiki/Georges Ohnet
1;FRA03003_Ohnet.xml;Le Marchand de Poison;Georges Ohnet;Georges Ohnet;;1894;;https://www.gutenberg.org/cache/epub/18073/pg18073.txt;https://www.gutenberg.org/cache/epub/18073/pg18073.txt;https://archive.org/details/marchanddepoison00ohne/page/n1/mode/2up?q=le+marchand+de+poison+ohnet;;manuel (project Gutenberg);https://fr.wikipedia.org/wiki/Georges Ohnet
1;FRA03101_Ponson.xml;La baronne trépassée;Pierre Alexis Ponson du Terrail ;Ponson du Terrail, Pierre Alexis;;1852;https://gallica.bnf.fr/ark:/12148/bpt6k5612874d;https://gallica.bnf.fr/ark:/12148/bpt6k5612874d;;;;printSource;https://fr.wikipedia.org/wiki/Pierre_Alexis_de_Ponson_du_Terrail
1;FRA03201_Blandy.xml;Rouzétou;Stella Blandy;Stella Blandy;;1887;https://gallica.bnf.fr/ark:/12148/bpt6k1656064;https://gallica.bnf.fr/ark:/12148/bpt6k1656064;;;;firstEdition;https://fr.wikipedia.org/wiki/Stella Blandy
1;FRA03302_Rattazzi.xml;Le piège aux maris;Marie Rattazzi ;Rattazzi, Marie (Marie-Lætitia Bonaparte-Wyse);;1865;https://gallica.bnf.fr/ark:/12148/bpt6k6456888h;https://ebooks-bnr.com/bonaparte-wyse-marie-laetitia-de-solms-le-piege-aux-maris-tome-1;https://ebooks-bnr.com/bonaparte-wyse-marie-laetitia-de-solms-le-piege-aux-maris-tome-1;;;digitalSource;https://fr.wikipedia.org/wiki/Marie-L%C3%A6titia_Bonaparte-Wyse
1;FRA03401_Reybaud.xml;Mademoiselle de Malepeire;Mme Charles Reybaud;Mme Charles Reybaud;;1855;;https://ebooks-bnr.com/reybaud-fanny-mademoiselle-de-malepeire/;https://ebooks-bnr.com/reybaud-fanny-mademoiselle-de-malepeire/;https://archive.org/details/mademoiselledem01reybgoog/page/n10/mode/2up;;digitalSource;https://fr.wikipedia.org/wiki/Fanny_Reybaud
1;FRA03601_Proust.xml;Du côté de chez Swann;Marcel Proust ;Proust Marcel;;1913;https://gallica.bnf.fr/ark:/12148/bpt6k5675144f;http://beq.ebooksgratuits.com;http://beq.ebooksgratuits.com/auteurs/Proust/xProust-01.pdf;;;digitalSource;https://fr.wikipedia.org/wiki/Marcel_Proust
1;FRA03701_Sand.xml;Nanon ;George Sand ;Sand Georges;;1872;https://gallica.bnf.fr/ark:/12148/bpt6k133656k;http://beq.ebooksgratuits.com;http://beq.ebooksgratuits.com/vents-xpdf/Sand-Nanon.pdf;;;digitalSource;https://fr.wikipedia.org/wiki/George Sand 
1;FRA03702_Sand.xml;Le dernier amour;George Sand ;Sand Georges;;1866;https://gallica.bnf.fr/ark:/12148/bpt6k5526590r;http://beq.ebooksgratuits.com;http://beq.ebooksgratuits.com/vents-xpdf/Sand-dernier_amour.pdf;;;digitalSource;https://fr.wikipedia.org/wiki/George Sand 
1;FRA03704_Sand.xml;Horace;Sand George ;Sand Georges;;1840;https://gallica.bnf.fr/ark:/12148/bpt6k2068028;http://beq.ebooksgratuits.com;http://beq.ebooksgratuits.com/vents-xpdf/Sand-Horace.pdf;;;;https://fr.wikipedia.org/wiki/George Sand 
1;FRA03802_Stern.xml;Nélida;Daniel Stern;Daniel Stern;;1846;https://gallica.bnf.fr/ark:/12148/bpt6k130569x;http://www. gutenberg. org/ebooks/26863;http://www. gutenberg. org/ebooks/26863;;;digitalSource;https://fr.wikipedia.org/wiki/Daniel Stern
1;FRA03903_Stolz.xml;Le Secret de Laurent;Madame de Stolz;Madame de Stolz;;1878;https://gallica.bnf.fr/ark:/12148/bpt6k6502382x;http://beq.ebooksgratuits.com;http://beq.ebooksgratuits.com/vents-xpdf/Stolz-Laurent.pdf;;;digitalSource;https://fr.wikipedia.org/wiki/Madame de Stolz
1;FRA04001_Verne.xml;Un capitaine de quinze ans;Jules Verne;Verne Jules;;1878;https://gallica.bnf.fr/ark:/12148/bpt6k6541873g;http://beq.ebooksgratuits.com;http://beq.ebooksgratuits.com;;;digitalSource;https://fr.wikipedia.org/wiki/Jules Verne
1;FRA04002_Verne.xml;Le Secret de Wilhelm Storitz;Verne Jules;Verne Jules;;1898;https://gallica.bnf.fr/ark:/12148/bpt6k65804215;http://beq.ebooksgratuits.com;http://beq.ebooksgratuits.com;;;digitalSource;https://fr.wikipedia.org/wiki/Jules Verne
1;FRA04102_Erckmann.xml;Madame Thérèse, ou les volontaires de 92;Emile Erckmann ;Erckmann Emile;;1863;https://gallica.bnf.fr/ark:/12148/bpt6k5542516h;http://beq.ebooksgratuits.com;http://beq.ebooksgratuits.com;;;digitalSource;https://fr.wikipedia.org/wiki/Emile Erckmann 
1;FRA04202_Rolland.xml;Jean-Christophe;Romain Rolland ;Rolland Romain;;1912;https://gallica.bnf.fr/ark:/12148/bpt6k9782125h;https://gallica.bnf.fr/ark:/12148/bpt6k9782125h;;;;printSource;https://fr.wikipedia.org/wiki/Romain Rolland 
1;FRA04301_Achard.xml;Belle-Rose;Amédée Achard ;Achard, Amédée ;;1847;ark:/12148/bpt6k203192c;ark:/12148/bpt6k203192c;;;;printSource;https://fr.wikipedia.org/wiki/Am%C3%A9d%C3%A9e_Achard
1;FRA04401_Barbusse.xml;Le Feu;Henri Barbusse ;Barbusse, Henri ;;1916;https://gallica.bnf.fr/ark:/12148/bpt6k990598p;#unknownSource;#unknownSource;;;digitalSource;https://fr.wikipedia.org/wiki/Henri Barbusse 
1;FRA04501_Barres.xml;Colette Baudoche: histoire d'une jeune fille de Metz;Maurice Barrès ;Barrès, Maurice;;1908;ark:/12148/bpt6k6267092r;ark:/12148/bpt6k6267092r;;;;printSource;https://fr.wikipedia.org/wiki/Maurice Barrès 
1;FRA04601_Bazin.xml;Le blé qui lève;René Bazin ;Bazin, René;;1907;https://gallica.bnf.fr/ark:/12148/bpt6k97700844;http://www.bibebook.com/search/978-2-8247-1249-9;http://www.bibebook.com/search/978-2-8247-1249-9;;;digitalSource;https://fr.wikipedia.org/wiki/René Bazin 
1;FRA04701_Bourget.xml;Laurence Albani;Paul Bourget ;Bourget, Paul ;;1919;;#unknownSource;#unknownSource;https://archive.org/details/laurencealbani00bouruoft/page/n11/mode/2up;;digitalSource;https://fr.wikipedia.org/wiki/Paul Bourget 
1;FRA04801_Corday.xml;Les révélées;Michel Corday ;Corday, Michel ;;1909;;http://www.gutenberg.org/files/51703/51703-h/51703-h.htm;http://www.gutenberg.org/files/51703/51703-h/51703-h.htm;https://archive.org/details/lesrvlesro00cord;;digitalSource;https://fr.wikipedia.org/wiki/Michel Corday 
1;FRA04901_Dumas.xml;La Reine Margot - Tome I;Alexandre Dumas ;Dumas, Alexandre;;1845;https://gallica.bnf.fr/ark:/12148/bpt6k66070t;https://www.atramenta.net;https://www.atramenta.net;;;digitalSource;https://fr.wikipedia.org/wiki/Alexandre Dumas 
1;FRA05101_Eekhoud.xml;L'Autre vue;Georges Eekhoud;Georges Eekhoud;;1904;https://gallica.bnf.fr/ark:/12148/bpt6k62081h;http://www.bibebook.com/ebook/libre/georges_eekhoud-lautre_vue.epub;http://www.bibebook.com/ebook/libre/georges_eekhoud-lautre_vue.epub;;;digitalSource;https://fr.wikipedia.org/wiki/Georges Eekhoud
1;FRA05201_Feuillet.xml;La petite comtesse;Octave Feuillet ;Feuillet, Octave;;1856;https://gallica.bnf.fr/ark:/12148/bpt6k5853824d;http://www.bibebook.com/search/978-2-8247-1448-6;http://www.bibebook.com/search/978-2-8247-1448-6;;;digitalSource;https://fr.wikipedia.org/wiki/Octave_Feuillet
1;FRA05301_Galopin.xml;Le Docteur Omega (Aventures fantastiques de trois Français dans la Planète Mars);Arnould Galopin ;Galopin, Arnould ;;1906;https://gallica.bnf.fr/ark:/12148/bpt6k15091935;http://www.bibebook.com/ebook/libre/arnould_galopin-le_docteur_omega_aventures_fantastiques_de_trois_francais_dans_la_planete_mars.epub;http://www.bibebook.com/ebook/libre/arnould_galopin-le_docteur_omega_aventures_fantastiques_de_trois_francais_dans_la_planete_mars.epub;;;digitalSource;https://fr.wikipedia.org/wiki/Arnould Galopin 
1;FRA05401_Kock.xml;Madeleine;Paul de Kock ;Kock, Paul de ;;1849;https://gallica.bnf.fr/ark:/12148/bpt6k5838965p;http://www.gutenberg.org/files/32113/32113-h/32113-h.htm;http://www.gutenberg.org/files/32113/32113-h/32113-h.htm;;;digitalSource;https://fr.wikipedia.org/wiki/Paul de Kock
1;FRA05501_Lermina.xml;L'effrayante aventure;Jules Lermina ;Lermina, Jules;;1910;https://gallica.bnf.fr/ark:/12148/bpt6k62658n;http://www.bibebook.com/search/978-2-8247-0851-5;http://www.bibebook.com/search/978-2-8247-0851-5;;;digitalSource;https://fr.wikipedia.org/wiki/Jules Lermina 
1;FRA05602_Lesueur.xml;Le marquis de Valcor;Daniel Lesueur ;Lesueur, Daniel ;;1904;;http://www.gutenberg.org/ebooks/50997;http://www.gutenberg.org/ebooks/50997;https://archive.org/details/lemarquisdevalco00lapauoft/page/n5/mode/2up;;digitalSource;https://fr.wikipedia.org/wiki/Daniel Lesueur
1;FRA05702_Maquet.xml;La Maison du baigneur;Auguste Maquet;Auguste Maquet;;1857;https://gallica.bnf.fr/ark:/12148/bpt6k5834334t;https://gallica.bnf.fr/ark:/12148/bpt6k5834334t;;;;digitalSource;https://fr.wikipedia.org/wiki/Auguste Maquet
1;FRA05801_Mille.xml;Louise et Barnavaux;Pierre Mille;Pierre Mille;;1912;http://gallica.bnf.fr/ark:/12148/bpt6k61362974;http://gallica.bnf.fr/ark:/12148/bpt6k61362974;;;;printSource;https://fr.wikipedia.org/wiki/Pierre Mille
1;FRA05901_Moselly.xml;Terres lorraines;Emile Moselly ;Moselly, Emile;;1907;;http://www.bibebook.com/search/978-2-8247-1132-4;http://www.bibebook.com/search/978-2-8247-1132-4;https://archive.org/details/terreslorrainesr00mose/page/2/mode/2up;;digitalSource;https://fr.wikipedia.org/wiki/Emile Moselly 
1;FRA06001_Rebell.xml;Les Nuits chaudes du Cap français;Hugues Rebell ;Rebell, Hugues;;1902;https://gallica.bnf.fr/ark:/12148/bpt6k241281c;https://gallica.bnf.fr/ark:/12148/bpt6k241281c;;;;printSource;https://fr.wikipedia.org/wiki/Hugues Rebell
1;FRA06101_Sandeau.xml;Mademoiselle de la Seiglière;Jules Sandeau ;Sandeau, Jules;;1848;https://gallica.bnf.fr/ark:/12148/bpt6k5699005s;https://gallica.bnf.fr/ark:/12148/bpt6k5699005s;;;;printSource;https://fr.wikipedia.org/wiki/Jules Sandeau
1;FRA06201_Viel-Castel.xml;Archambaud de Comborn;Horace de Viel-Castel ;Viel-Castel, Horace de ;;1845;https://gallica.bnf.fr/ark:/12148/bpt6k5607125s;https://gallica.bnf.fr/ark:/12148/bpt6k5607125s;;;;printSource;https://fr.wikipedia.org/wiki/Horace de Viel-Castel
1;FRA06301_Montepin.xml;La porteuse de pain;Xavier de Montépin ;de Montépin, Xavier ;;1884;https://gallica.bnf.fr/ark:/12148/bpt6k5504400t;https://www.ebooksgratuits.com/details.php?book=1329;https://www.ebooksgratuits.com/details.php?book=1329;;;digitalSource;https://fr.wikipedia.org/wiki/Xavier de Montépin 
1;FRA06401_Chandeneux.xml;Les Ménages militaires;Claire de Chandeneux;Claire de Chandeneux;;1876;https://gallica.bnf.fr/ark:/12148/bpt6k6484819g;https://gallica.bnf.fr/ark:/12148/bpt6k6484819g;;;;digitalSource;https://fr.wikipedia.org/wiki/Claire de Chandeneux
1;FRA06501_Gyp.xml;Totote, roman inédit, orné de cent illustrations obtenues par la photographie d'après nature, dont dix planches hors texte (1897);Gyp;Gyp;;1897;http://gallica.bnf.fr/ark:/12148/bpt6k96916946;http://gallica.bnf.fr/ark:/12148/bpt6k96916946;;;;digitalSource;https://fr.wikipedia.org/wiki/Gyp
1;FRA06601_Peladan.xml;Modestie et vanité, roman (La décadence latine, éthopée, XVI);Joséphin Peladan;Peladan Joséphin;;1902;http://gallica.bnf.fr/ark:/12148/bpt6k61451614;http://gallica.bnf.fr/ark:/12148/bpt6k61451614;;;;printSource;https://fr.wikipedia.org/wiki/Jos\u00e9phin Peladan
1;FRA06701_Uchard.xml;La Buveuse de perles;Mario Uchard ;Uchard Mario;;1882;https://gallica.bnf.fr/ark:/12148/bpt6k6557908c;https://gallica.bnf.fr/ark:/12148/bpt6k6557908c;;;;digitalSource;https://fr.wikipedia.org/wiki/Mario Uchard
1;FRA06801_Vaillant.xml;L'Elzévir de maroquin rouge;Victor Vaillant ;Vaillant Victor;;1861;http://gallica.bnf.fr/ark:/12148/bpt6k57182783;http://gallica.bnf.fr/ark:/12148/bpt6k57182783;;;;digitalSource;NONE
1;FRA06901_Vignon.xml;Révoltée !;Claude Vignon;Claude Vignon;;1879;http://gallica.bnf.fr/ark:/12148/bpt6k6540656z;http://gallica.bnf.fr/ark:/12148/bpt6k6540656z;;;;digitalSource;https://fr.wikipedia.org/wiki/Claude Vignon
1;FRA07001_Mendes.xml;Lucignole;Catulle Mendès;Catulle Mendès;;1892;http://gallica.bnf.fr/ark:/12148/bpt6k6553546f;http://gallica.bnf.fr/ark:/12148/bpt6k6553546f;;;;digitalSource;https://fr.wikipedia.org/wiki/Catulle Mendès
1;FRA07101_Blondel.xml;Élise, ou l'éducation particulière;Blondel Adèle ;Adèle Blondel;;1856;http://gallica.bnf.fr/ark:/12148/bpt6k5625757r;http://gallica.bnf.fr/ark:/12148/bpt6k5625757r;;;;digitalSource;NONE
1;FRA07201_Montagne.xml;Le Bâtard de Ravaillac;Édouard Montagne;Édouard Montagne;;1883;http://gallica.bnf.fr/ark:/12148/bpt6k6574517k;http://gallica.bnf.fr/ark:/12148/bpt6k6574517k;;;;digitalSource;https://fr.wikipedia.org/wiki/Édouard Montagne
0;FRA07301_Valgand.xml;Blondine, roman nouveau;Cécile de Valgand  ;Cécile de Valgand;;1853;https://gallica.bnf.fr/ark:/12148/bpt6k5698775j;https://gallica.bnf.fr/ark:/12148/bpt6k5698775j;http://catalogue.bnf.fr/ark:/12148/cb311160052;;;firstEdition;None
0;FRA07401_Leblanc.xml;813 (Huit-Cent-Treize);Maurice Leblanc;Maurice Leblanc;;1910;;https://www.ebooksgratuits.com/ebooks.php;https://www.ebooksgratuits.com/pdf/leblanc_813.pdf;;https://fr.wikisource.org/wiki/813;manuel(ebooksgratuits);https://fr.wikipedia.org/wiki/Maurice Leblanc
1;FRA07501_Darien.xml;Le Voleur;Georges Darien;Georges Darien;;1897;https://gallica.bnf.fr/ark:/12148/bpt6k6101718v;https://www.ebooksgratuits.com/ebooks.php;https://www.ebooksgratuits.com/pdf/darien_le_voleur.pdf;;https://fr.wikisource.org/wiki/Le_Voleur_(Darien);manuel(ebooksgratuits);https://fr.wikipedia.org/wiki/Georges Darien
0;FRA07601_Leroux.xml;La Reine du Sabbat;Gaston Leroux;Gaston Leroux;;1913;;https://www.ebooksgratuits.com/ebooks.php;https://www.ebooksgratuits.com/pdf/leroux_reine_du_sabbat.pdf;;;manuel(ebooksgratuits);https://fr.wikipedia.org/wiki/Gaston_Leroux
94;;;;;;;;;;;;;
